test_accuracy,test_uar,test_macro_f1,model_name
99.89258861439313,99.89258861439313,99.89258709631828,microsoft/wavlm-base
