Epoch,Train_Loss,Val_Accuracy,Val_UAR,Val_Macro_F1
1,1.7437031078338623,67.86703601108033,67.64167205343676,61.991210035230736
2,1.1623061662912368,92.797783933518,92.74402068519717,92.63712852705339
3,0.7774845668673516,99.7229916897507,99.72527472527473,99.72260748959779
4,0.44073824360966685,100.0,100.0,100.0
5,0.27705867037177084,100.0,100.0,100.0
6,0.2578561423718929,100.0,100.0,100.0
7,0.2354239021241665,100.0,100.0,100.0
8,0.20621150732040405,100.0,100.0,100.0
9,0.19596886157989502,100.0,100.0,100.0
