epoch,train_loss,val_loss,val_accuracy,val_uar,val_macro_f1,val_weighted_f1
1,1.4911225558228764,1.3003791506625404,72.5615668024045,48.39196210388696,35.608477429713105,75.93730903336215
2,1.2665500711662914,1.2874188684234935,79.24503910542306,54.89065219292776,41.51400230443231,81.60266810373862
3,1.1715354916119278,1.2806169070488165,76.49796393251891,57.59293232281756,43.274352476049884,79.32784800937742
4,1.1034643690091859,1.325440179956846,78.62452330166117,59.111578167563096,42.42234908862065,81.14157436509736
5,1.0447771657404101,1.3398921795127805,78.44353952556395,54.85446362514722,43.87194788439437,80.68864364779296
6,0.9929076544675326,1.3690285212244868,80.55717148212786,54.87649087656897,44.40626791918754,82.3831020966069
7,0.9544589047807391,1.3995259310588364,80.69937302048996,53.973305274007586,44.456166861290136,82.43938416089169
8,0.9340208467109348,1.410248444346357,81.86284015254347,53.41316923132672,45.30848315312691,83.25057106683946
