test_accuracy,test_uar,test_macro_f1,model_name
99.88137603795967,99.88193624557262,99.88193422955986,microsoft/wavlm-base
