accuracy,uar,macro_f1
0.9967776584317938,0.9967776584317939,0.9967776280702969
