epoch,train_loss,val_acc,val_uar,val_f1
1,1.7781002748271693,0.38596491228070173,0.3859649122807017,0.35989447416300235
2,1.06514257322187,0.8822055137844611,0.8822055137844612,0.8754943839173501
3,0.5281349161396856,1.0,1.0,1.0
4,0.33059677173909935,1.0,1.0,1.0
5,0.2841551906388739,0.9974937343358395,0.9974937343358395,0.9974935414719948
6,0.22514722269514334,0.9573934837092731,0.9573934837092732,0.9571327417341066
7,0.23118245974183083,1.0,1.0,1.0
8,0.22199004370233286,0.9974937343358395,0.9974937343358395,0.9974935414719948
